rank,tier,cliff,player,team,role,nationality,expected_batting_pos,expected_overs_bowled,matches_2025,total_pts_2025,avg_pts_2025,median_pts_2025,floor_p10_2025,ceiling_p90_2025,avg_batting_pts_2025,avg_bowling_pts_2025,concept_bat_pts,concept_bowl_pts,concept_total,player_fe_2025,blended_pts_per_match,pred_season_total,expected_games,prob_starting,prob_all_14,is_returning,notes
1,1,False,Cameron Green,KKR,All-rounder,Overseas,4,4,0,,,,,,,,50.3,46.1,104.4,,104.4,1211.0,11.6,95.0,75.0,False,Overseas slot 2; INR 25.2 cr record buy; pace-bowling all-rounder; bats 3-4 and bowls 4 overs; back injury history is only concern
2,1,True,Suryakumar Yadav,MI,Batter,Indian,3,0,16,1495.0,93.4,90.0,57.5,136.5,82.8,0.0,65.7,0.0,73.7,87.3,81.9,1032.0,12.6,97.0,85.0,True,No.3 anchor; 360-degree batter. World Cup winner; may get brief rest early season but otherwise certain starter.
3,1,True,Prashant Veer,CSK,All-rounder,Indian,7,4,0,,,,,,,,35.7,44.8,88.5,,88.5,982.0,11.1,88.0,80.0,False,INR 14.20 cr uncapped buy. Jadeja replacement: left-arm fingerspin + lower-order hitting. Expected to bowl full 4 overs of offspin. Key to team balance.
4,1,False,Mitchell Marsh,LSG,All-rounder,Overseas,2,2,13,1279.0,98.4,112.0,3.2,164.4,90.8,0.0,72.5,21.5,102.0,61.2,77.5,953.0,12.3,95.0,85.0,True,"Overseas slot 2. Australian pace-bowling allrounder. 627 runs in IPL 2025 (avg 48.23, SR 163.70). Opens batting. Bowls 1-2 overs of medium-fast. May miss start if Aus players delayed."
5,1,False,Finn Allen,KKR,WK-Batter,Overseas,1,0,0,,,,,,,,72.5,0.0,80.5,,80.5,934.0,11.6,92.0,80.0,False,Overseas slot 1; NZ explosive opener; confirmed to open with Rahane; high ceiling but can be inconsistent
6,1,False,B Sai Sudharsan,GT,Batter,Indian,2,0,15,1535.0,102.3,98.0,34.6,172.0,91.3,0.0,72.5,0.0,80.5,65.3,71.4,921.0,12.9,97.0,90.0,True,Left-hand opener; Orange Cap winner 2025 (759 runs). Recovered from rib fracture (Jan 2026); training with squad at Nathdwara camp. Fit for first match.
7,1,False,Abhishek Sharma,SRH,All-rounder,Indian,2,2,10,432.0,43.2,29.0,5.9,84.9,35.8,0.0,70.3,21.0,99.3,49.8,69.6,919.0,13.2,99.0,90.0,True,Vice-captain; left-hand opener; left-arm orthodox spin (1-2 overs); guaranteed starter; opens with Head
8,1,False,Varun Chakravarthy,KKR,Bowler,Indian,8,4,0,,,,,,,,24.2,38.9,71.0,,71.0,916.0,12.9,97.0,90.0,False,India mystery spinner; excellent economy; near-certain every match; 4 overs guaranteed
9,1,False,Dewald Brevis,CSK,Batter,Overseas,4,1,6,505.0,84.2,85.0,44.0,123.5,68.8,0.0,44.2,13.9,66.1,83.8,76.7,913.0,11.9,92.0,85.0,True,Overseas slot 1. 'Baby AB' explosive middle-order. Part-time legbreak rarely used. Locked-in overseas pick.
10,2,False,Shreyas Iyer,PBKS,Batter,Indian,3,0,17,1298.0,76.4,58.0,10.0,181.2,66.6,0.0,67.9,0.0,75.9,62.8,68.0,898.0,13.2,98.0,92.0,True,Captain; INR 26.75 cr; premier Indian middle-order bat; bats 3; anchors innings; franchise leader; near-certain for all 14
11,2,False,KL Rahul,DC,WK-Batter,Indian,1,0,13,1081.0,83.2,64.0,19.0,200.6,74.2,0.0,72.5,0.0,80.5,65.2,71.3,898.0,12.6,95.0,90.0,True,Opens batting; keeps wicket; anchor role; experienced Indian top-order bat; retained player
12,2,False,Hardik Pandya,MI,All-rounder,Indian,5,4,15,1015.0,67.7,52.0,7.4,144.0,26.0,34.1,48.1,49.2,105.3,56.1,75.8,879.0,11.6,95.0,75.0,True,Captain. Bats 5; bowls 3-4 overs of pace. Back injury history requires careful workload management. May miss 2-3 games for rest/minor niggles. World Cup winner.
13,2,False,Heinrich Klaasen,SRH,WK-Batter,Overseas,4,0,13,1033.0,79.5,64.0,44.6,129.8,66.2,0.0,48.1,0.0,56.1,72.7,66.1,873.0,13.2,99.0,90.0,True,Overseas slot 2; SA power-hitting WK; middle-order destroyer; nailed on; only risk is late-season fatigue
14,2,False,Shubman Gill,GT,Batter,Indian,1,0,15,1346.0,89.7,78.0,14.4,173.4,78.5,0.0,72.5,0.0,80.5,52.7,63.8,861.0,13.5,99.0,95.0,True,Captain; opens batting with Sudharsan. Indian top-order mainstay. No injury concerns. Near-certain for all 14.
15,2,False,Ravindra Jadeja,RR,All-rounder,Indian,6,4,14,1016.0,72.6,78.5,15.4,127.1,35.9,27.5,41.8,38.9,88.7,49.0,64.9,857.0,13.2,99.0,90.0,True,Traded from CSK; elite left-arm orthodox (4 overs); bats 6; experience and all-round value makes him undroppable
16,2,False,Riyan Parag,RR,All-rounder (bat-leaning),Indian,3,1,14,999.0,71.4,65.5,25.9,85.8,51.1,8.6,67.9,7.3,83.2,50.2,63.4,856.0,13.5,99.0,95.0,True,Captain; bats 3; part-time offbreak (0-1 overs); guaranteed starter
17,2,False,Virat Kohli,RCB,Batter,Indian,1,0,15,1277.0,85.1,97.0,18.6,134.0,76.2,0.0,72.5,0.0,80.5,51.6,63.1,852.0,13.5,99.0,95.0,True,Opens batting; all-time IPL run-scorer; defending champions anchor; near-certain starter every game
18,2,False,Jason Holder,GT,All-rounder,Overseas,5,4,0,,,,,,,,50.3,46.1,104.4,,104.4,846.0,8.1,70.0,65.0,False,"Overseas slot contender. WI allrounder; excellent T20 WC 2026 (141 runs at SR 174, plus wickets). Competes with Phillips/Rabada for overseas slots. Starts on seam-friendly pitches."
19,2,False,Yashasvi Jaiswal,RR,Batter,Indian,1,0,14,1241.0,88.6,99.5,21.3,138.8,76.2,0.0,72.5,0.0,80.5,50.8,62.7,846.0,13.5,99.0,95.0,True,India opener; aggressive left-hand bat; nailed-on starter; only risk is national duty or minor niggle
20,2,False,Jos Buttler,GT,WK-Batter,Overseas,3,0,14,1176.0,84.0,75.5,13.5,152.7,70.0,0.0,67.9,0.0,75.9,64.1,68.8,846.0,12.3,95.0,85.0,True,"Overseas slot 1. Explosive WK-bat at No.3. Poor T20 WC 2026 form (avg 20.4, SR 135). Overseas so small rotation risk. May be rested for 1-2 games if form dips."
21,2,False,Kagiso Rabada,GT,Bowler,Overseas,9,4,0,,,,,,,,24.2,46.1,78.2,,78.2,837.0,10.7,85.0,80.0,False,Overseas slot 4 (contested). SA pace spearhead. Some experts (Mukund) pick Holder over Rabada. Near-certain on pace-friendly tracks. May miss 1-2 if Jason Holder rotated in.
22,2,False,Nicholas Pooran,LSG,WK-Batter,Overseas,4,0,14,1206.0,86.1,78.5,22.3,181.7,74.3,0.0,50.3,0.0,58.3,66.1,63.0,813.0,12.9,97.0,90.0,True,Overseas slot 3. WI explosive power-hitter. 524 runs in 2025 (SR 196.25). Drops to No.4 with Pant at No.3. Does not bowl. Near-certain every match.
23,2,False,Brydon Carse,SRH,Bowler,Overseas,9,4,0,,,,,,,,22.0,49.2,79.2,,79.2,800.0,10.1,85.0,70.0,False,Overseas slot 4 (while Cummins out); England right-arm fast; bowls 4 overs; loses spot when Cummins returns mid-season
24,2,False,Washington Sundar,GT,All-rounder,Indian,5,4,6,361.0,60.2,50.0,29.0,101.5,37.2,14.0,50.3,38.9,97.2,47.5,67.4,789.0,11.7,90.0,85.0,True,Off-spin allrounder. Crucial in middle overs. Batted at No.4 last season with limited impact; may slide to No.5/6. Bowls 4 overs of tight off-spin. Reliable selection.
25,2,False,Pathum Nissanka,DC,Batter,Overseas,2,0,0,,,,,,,,72.5,0.0,80.5,,80.5,765.0,9.5,80.0,70.0,False,Sri Lankan opener; slots in after Ben Duckett withdrew from IPL 2026; aggressive stroke-maker; may lose spot if DC sign Duckett replacement or Starc returns and overseas balance shifts
26,2,False,Noor Ahmad,CSK,Bowler,Overseas,10,4,14,996.0,71.1,52.5,26.9,145.1,0.5,65.4,18.1,47.2,73.3,52.0,60.5,762.0,12.6,95.0,90.0,True,Overseas slot 3. Afghan left-arm wrist spinner. 24 wickets in IPL 2025. CSK's spin spearhead. Near-certain starter every game.
27,2,False,Aiden Markram,LSG,Batter,Overseas,1,1,13,1096.0,84.3,80.0,22.6,152.4,61.6,11.6,72.5,7.3,87.8,39.8,59.0,761.0,12.9,97.0,90.0,True,Overseas slot 1. SA top-order bat; opens with Marsh. Part-time off-spin (0-1 overs). Aakash Chopra tips him as LSG's highest run-getter. Stable selection.
28,2,False,Axar Patel,DC,All-rounder,Indian,6,4,13,828.0,63.7,52.0,16.2,125.6,35.8,18.5,41.8,38.9,88.7,36.0,57.1,754.0,13.2,98.0,92.0,True,Captain; left-arm orthodox spin allrounder; bowls 4 overs every game; bats 5-7 depending on situation; franchise cornerstone
29,2,False,Dasun Shanaka,RR,All-rounder,Overseas,7,3,0,,,,,,,,41.8,33.8,83.6,,83.6,752.0,9.0,80.0,60.0,False,Overseas slot 2; SL T20I captain; Sam Curran's replacement; seam-bowling AR (2-3 overs); loses spot when/if Curran returns or if overseas combo changes
30,2,False,Jasprit Bumrah,MI,Bowler,Indian,11,4,12,848.0,70.7,54.5,19.3,136.1,0.0,63.0,22.0,49.2,79.2,45.0,58.7,751.0,12.8,99.0,85.0,True,India's best fast bowler. Death overs specialist. Confirmed fit for first match. World Cup winner; may get 1-2 games rest. Otherwise guaranteed starter.
31,3,False,Ajinkya Rahane,KKR,Batter,Indian,2,0,12,818.0,68.2,62.0,31.2,122.8,58.8,0.0,72.5,0.0,80.5,42.9,57.9,747.0,12.9,97.0,90.0,True,Captain; anchor role at top of order; experienced; near-certain every game unless rested
32,3,False,Glenn Phillips,GT,All-rounder,Overseas,4,2,0,,,,,,,,50.3,17.9,76.2,,76.2,747.0,9.8,80.0,75.0,False,Overseas slot 2 (contested). Avg 41 at SR 148.66 since 2025; offbreak bowling option + elite fielding. Competes with Jason Holder for 4th overseas spot. Phillips preferred on batting-friendly pitches.
33,3,False,Travis Head,SRH,Batter,Overseas,1,1,12,824.0,68.7,44.0,12.8,149.3,59.8,0.0,70.3,10.5,88.8,31.4,54.4,718.0,13.2,99.0,90.0,True,Overseas slot 1; Aus aggressive opener; part-time offbreak (0-1 overs); elite T20 form; only risk is late-season Aus commitments
34,3,False,Rishabh Pant,LSG,WK-Batter,Indian,3,0,14,601.0,42.9,23.5,6.0,95.6,34.4,0.0,67.9,0.0,75.9,37.9,53.1,717.0,13.5,99.0,95.0,True,Captain and WK. Confirmed to bat No.3 for 2026 (per PTI/team sources). Forgettable 2025 (202 runs; avg 19.5 vs spin). Make-or-break season. Near-certain all 14.
35,3,False,Shivam Dube,CSK,All-rounder,Indian,5,1,14,700.0,50.0,44.0,19.8,78.7,43.1,0.1,44.2,15.1,67.3,49.8,56.8,716.0,12.6,95.0,90.0,True,Left-hand power hitter at 5. Bowls 0-1 overs of medium pace occasionally. Reliable starter.
36,3,False,Krunal Pandya,RCB,All-rounder,Indian,8,4,15,913.0,60.9,47.0,9.4,132.8,12.1,41.7,24.2,38.9,71.0,47.0,56.6,713.0,12.6,95.0,90.0,True,Left-arm orthodox spin; crucial middle-overs control; batting utility at 7-8; near-certain starter
37,3,False,Dhruv Jurel,RR,WK-Batter,Indian,5,0,13,737.0,56.7,58.0,13.4,109.0,45.8,0.0,50.3,0.0,58.3,55.3,56.5,712.0,12.6,95.0,90.0,True,India WK; middle-order anchor; guaranteed starter when fit; minor rotation risk if India call-up
38,3,False,Matt Henry,CSK,Bowler,Overseas,11,4,0,,,,,,,,18.1,52.0,78.1,,78.1,695.0,8.9,75.0,70.0,False,Overseas slot 4 (contested with Akeal Hosein). NZ seamer; new-ball and death overs. Yet to join squad as of Mar 26. Likely starts first match but may rotate with Hosein on spin-friendly pitches.
39,3,False,Tim David,RCB,Batter,Overseas,5,0,10,479.0,47.9,44.5,5.9,94.5,35.5,0.0,50.3,0.0,58.3,58.5,58.4,695.0,11.9,92.0,85.0,True,Overseas slot 2; designated power-hitter/finisher; locked in when fit; minimal bowling
40,3,False,Nitish Kumar Reddy,SRH,All-rounder,Indian,5,2,13,473.0,36.4,37.0,7.2,61.6,21.5,5.9,48.1,24.6,80.7,37.6,54.9,692.0,12.6,95.0,90.0,True,Young Indian AR; seam bowling (1-2 overs); bats 5; crucial utility player; IPL 2024 emerging player
41,3,False,Shashank Singh,PBKS,All-rounder,Indian,6,1,14,739.0,52.8,37.5,5.3,114.5,42.7,0.2,41.8,9.2,59.0,59.2,59.1,691.0,11.7,90.0,85.0,True,Indian finisher; 350+ runs with 7 not-outs in 14 innings in IPL 2025; 61*(30) in final; part-time medium pace; bats 6-7
42,3,False,Arshdeep Singh,PBKS,Bowler,Indian,11,4,16,937.0,58.6,54.0,6.0,112.0,0.1,51.9,24.2,46.1,78.2,39.1,54.8,690.0,12.6,95.0,90.0,True,India left-arm death-overs specialist; 21 wickets for PBKS in 2025; franchise talisman; near-certain for all 14
43,3,False,Ishan Kishan,SRH,WK-Batter,Indian,3,0,14,782.0,55.9,23.0,5.3,161.6,44.7,0.0,65.7,0.0,73.7,37.1,51.7,682.0,13.2,99.0,90.0,True,Stand-in captain while Cummins out; WK; bats 3; guaranteed starter; may revert to lower role when Cummins returns
44,3,False,Prabhsimran Singh,PBKS,WK-Batter,Indian,1,0,18,1293.0,71.8,59.5,14.0,159.6,62.9,0.0,72.5,0.0,80.5,36.6,54.2,678.0,12.5,95.0,88.0,True,Aggressive opener-WK; 549 runs in IPL 2025; part of dynamic opening partnership with Priyansh Arya; franchise cornerstone
45,3,False,Jamie Overton,CSK,All-rounder,Overseas,8,4,0,,,,,,,,18.1,52.0,78.1,,78.1,672.0,8.6,70.0,75.0,False,Overseas slot 2 (contested). Pace-bowling allrounder. Competes with Akeal Hosein for spot depending on conditions. Likely picked at pace-friendly venues.
46,3,False,Romario Shepherd,RCB,All-rounder,Overseas,7,3,7,415.0,59.3,46.0,26.0,104.8,20.3,30.7,41.8,33.8,83.6,61.0,70.0,665.0,9.5,80.0,70.0,True,Overseas slot 3; WI pace-bowling all-rounder; provides batting depth and death overs; competes with Bethell for overseas spot
47,3,False,Harshal Patel,SRH,Bowler,Indian,8,4,13,692.0,53.2,46.0,7.8,134.2,1.6,47.2,22.0,49.2,79.2,37.4,54.1,665.0,12.3,95.0,85.0,True,Experienced Indian seamer; death overs specialist; bowls 4 overs; predicted highest SRH wicket-taker by Aakash Chopra
48,3,False,Shahbaz Ahmed,LSG,All-rounder,Indian,7,4,14,664.0,47.4,46.5,6.0,84.7,0.1,43.4,41.8,38.9,88.7,33.7,55.7,663.0,11.9,92.0,85.0,True,Left-arm orthodox spin allrounder. Key balance provider batting at 7 and bowling 4 overs. Stable selection; plays as primary Indian spinner.
49,3,False,Marco Jansen,PBKS,All-rounder,Overseas,8,4,14,859.0,61.4,55.5,19.7,95.8,8.5,46.6,24.2,46.1,78.2,43.5,57.4,660.0,11.5,90.0,82.0,True,Overseas; SA left-arm fast-bowling allrounder; INR 7 cr; 16 wickets in 14 matches in IPL 2025; key with new ball and death overs
50,3,False,Rinku Singh,KKR,Batter,Indian,5,0,11,498.0,45.3,39.0,27.0,72.0,32.5,0.0,50.3,0.0,58.3,46.0,50.9,657.0,12.9,97.0,90.0,True,Finisher; left-hand middle-order bat; near-certain every game; expanded role with Russell gone
51,3,False,Tilak Varma,MI,Batter,Indian,4,0,16,737.0,46.1,41.0,11.5,97.0,36.2,0.0,48.1,0.0,56.1,47.6,51.0,653.0,12.8,97.0,88.0,True,Young Indian star at No.4. Consistent middle-order bat. World Cup winner; brief rest possible. Near-certain starter.
52,3,False,Jacob Duffy,RCB,Bowler,Overseas,10,4,0,,,,,,,,24.2,46.1,78.2,,78.2,649.0,8.3,85.0,40.0,False,Overseas slot 4 (filling in for Hazlewood); NZ seamer; new-ball option in first few matches; likely replaced when Hazlewood returns mid-April
53,3,False,Vaibhav Arora,KKR,Bowler,Indian,9,4,12,716.0,59.7,50.0,32.5,97.2,0.0,54.0,24.2,46.1,78.2,38.7,54.5,649.0,11.9,92.0,85.0,True,Indian seamer; leads pace attack with Harshit Rana ruled out; reliable swing bowler
54,3,False,Vaibhav Suryavanshi,RR,Batter,Indian,2,0,7,556.0,79.4,74.0,8.0,159.8,71.7,0.0,72.5,0.0,80.5,41.4,57.0,644.0,11.3,90.0,80.0,True,14-yr-old prodigy; left-hand opener; sensational pre-season form; may be rested in dead rubbers or rotated with Shubham Dubey
55,3,False,Bhuvneshwar Kumar,RCB,Bowler,Indian,9,4,14,759.0,54.2,49.0,21.6,82.7,1.3,46.6,24.2,46.1,78.2,34.3,51.9,638.0,12.3,95.0,85.0,True,Experienced Indian seamer; swing specialist; extra responsibility with Hazlewood/Dayal absent early; may be rested in dead rubbers
56,3,False,Sanju Samson,CSK,WK-Batter,Indian,2,0,9,595.0,66.1,69.0,24.6,113.6,55.4,0.0,66.4,0.0,74.4,32.8,49.4,637.0,12.9,97.0,90.0,True,Traded from RR. Confirmed opener with Gaikwad. Primary wicketkeeper (taking over from Dhoni). 4000+ IPL runs.
57,3,False,Blessing Muzarabani,KKR,Bowler,Overseas,11,4,0,,,,,,,,24.2,46.1,78.2,,78.2,633.0,8.1,80.0,45.0,False,Overseas slot 4; Zimbabwe pacer; replaced Mustafizur Rahman; plays until Pathirana fit; then competes for spot
58,3,False,Harpreet Brar,PBKS,All-rounder,Indian,9,4,7,409.0,58.4,42.0,26.2,100.4,2.4,52.6,24.2,38.9,71.0,51.1,59.1,626.0,10.6,85.0,78.0,True,Left-arm orthodox spin allrounder; handy lower-order bat; bowls full quota; may rotate with Chahal on pace-friendly tracks
59,3,False,Phil Salt,RCB,WK-Batter,Overseas,2,0,13,959.0,73.8,66.0,20.0,139.6,60.8,0.0,72.5,0.0,80.5,38.6,55.4,626.0,11.3,90.0,80.0,True,Overseas slot 1; explosive keeper-opener; recent T20 WC form underwhelming (130 runs); Jacob Bethell breathing down his neck; could be rotated if form dips
60,3,False,Ruturaj Gaikwad,CSK,Batter,Indian,1,0,5,276.0,55.2,13.0,7.0,124.2,44.8,0.0,66.4,0.0,74.4,27.5,46.3,625.0,13.5,99.0,95.0,True,Captain; confirmed opener with Samson. Anchor role. Nailed-on starter. Only injury would sideline him.
61,3,False,Rajat Patidar,RCB,Batter,Indian,4,0,14,624.0,44.6,28.5,15.5,95.7,38.0,0.0,50.3,0.0,58.3,41.0,47.9,623.0,13.0,98.0,90.0,True,Captain; middle-order mainstay; led RCB to 2025 title; near-certain every game barring injury
62,3,False,Jitesh Sharma,RCB,WK,Indian,6,0,15,765.0,51.0,34.0,14.8,83.6,32.7,0.0,41.8,0.0,49.8,60.1,56.0,622.0,11.1,88.0,80.0,True,Primary wicket-keeper; aggressive middle-order bat; could lose spot if Bethell/Shepherd combo changes require Jordan Cox
63,3,False,Mohammed Siraj,GT,Bowler,Indian,10,4,15,792.0,52.8,41.0,5.0,120.4,0.2,46.9,24.2,46.1,78.2,29.7,49.1,619.0,12.6,95.0,90.0,True,India fast bowler. Led GT pace attack in 2025 (16 wkts in 15 matches). New-ball and death overs specialist. Very reliable; should play nearly all matches.
64,3,False,Kartik Tyagi,KKR,Bowler,Indian,10,4,0,,,,,,,,24.2,46.1,78.2,,78.2,618.0,7.9,75.0,50.0,False,Indian seamer; expected to debut for KKR; plays while Pathirana is injured; may lose spot when Pathirana returns
65,3,False,Mangesh Yadav,RCB,Bowler,Indian,11,4,0,,,,,,,,24.2,46.1,78.2,,78.2,618.0,7.9,75.0,50.0,False,Express left-arm pacer; uncapped; IPL debut expected vs SRH; replaces Yash Dayal; may be rotated with Rasikh Dar based on conditions
66,3,False,Tristan Stubbs,DC,Batter,Overseas,4,0,14,683.0,48.8,59.5,7.8,73.4,35.0,0.2,50.3,0.0,58.3,48.8,52.6,615.0,11.7,90.0,85.0,True,Overseas; SA explosive middle-order bat; scored 300 runs at 150.75 SR in IPL 2025; key finisher
67,3,False,Avesh Khan,LSG,Bowler,Indian,8,4,9,338.0,37.6,39.0,30.2,47.2,4.6,25.4,24.2,46.1,78.2,39.8,55.2,613.0,11.1,88.0,80.0,True,Indian seamer. Consistent performer. Takes Hasaranga/Nortje spot when overseas quota full. Reliable wicket-taking option. Should play most matches.
68,3,False,Lungi Ngidi,DC,Bowler,Overseas,10,4,0,,,,,,,,24.2,46.1,78.2,,78.2,610.0,7.8,70.0,60.0,False,Overseas; SA right-arm fast; likely plays while Starc awaits CA clearance; will rotate with Starc/Chameera once all overseas pacers available
69,3,False,Rohit Sharma,MI,Batter,Indian,1,0,15,878.0,58.5,35.0,13.8,152.0,52.5,0.0,70.3,0.0,78.3,24.5,46.0,607.0,13.2,99.0,90.0,True,MI legend; opens batting. Confirmed opener. May be given World Cup winners' rest for 1-2 games. Otherwise nailed-on.
70,4,False,Trent Boult,MI,Bowler,Overseas,10,4,16,947.0,59.2,45.5,9.0,123.0,0.1,55.2,22.0,49.2,79.2,40.2,55.8,597.0,10.7,85.0,80.0,True,Overseas slot 4. Elite left-arm new-ball bowler. Retained player. Forms lethal combination with Bumrah. Some predictions (Aakash Chopra) drop him but majority include him.
71,4,False,Nandre Burger,RR,Bowler,Overseas,11,4,0,,,,,,,,24.2,46.1,78.2,,78.2,594.0,7.6,70.0,55.0,False,Overseas slot 4; SA left-arm pacer; competes with Adam Milne and Kwena Maphaka; may rotate based on conditions and opponent
72,4,False,Ayush Badoni,LSG,Batter,Indian,5,1,13,752.0,57.8,58.0,13.6,91.6,43.5,6.1,50.3,7.9,66.2,60.0,62.5,594.0,9.5,80.0,70.0,True,Young Indian bat; innovative middle-order. Part-time legbreak (0-1 overs). May lose spot to Himmat Singh or be used as Impact Player. Form-dependent.
73,4,False,Anrich Nortje,LSG,Bowler,Overseas,10,4,0,,,,,,,,24.2,46.1,78.2,,78.2,594.0,7.6,70.0,55.0,False,Overseas slot 4 (contested with Hasaranga). SA express pacer (150+ kph). 60+ IPL wickets. Preferred on flat/pace-friendly pitches. Rotates with Hasaranga.
74,4,False,Azmatullah Omarzai,PBKS,All-rounder,Overseas,7,4,8,413.0,51.6,43.5,23.8,84.7,12.4,36.8,41.8,46.1,95.9,29.4,56.0,594.0,10.6,85.0,78.0,True,Overseas; Afghan seam-bowling allrounder; INR 2.4 cr; game-changing ability with bat and ball; bowls 3-4 overs of fast-medium
75,4,False,Marcus Stoinis,PBKS,All-rounder,Overseas,4,2,12,408.0,34.0,23.0,7.2,76.0,24.5,4.3,50.3,21.5,79.8,32.0,51.1,588.0,11.5,90.0,82.0,True,Overseas; Australian pace-bowling allrounder; INR 11 cr retention; bats 4-5; bowls 1-2 overs of medium pace; key balance player
76,4,False,Nehal Wadhera,PBKS,Batter,Indian,5,0,15,782.0,52.1,25.0,16.8,108.0,43.1,0.1,50.3,0.0,58.3,52.1,54.6,584.0,10.7,85.0,80.0,True,Power-hitting Indian middle-order bat; 369 runs in IPL 2025; bats 4 or 5; could lose spot only if overseas allrounder preferred
77,4,False,Yuzvendra Chahal,PBKS,Bowler,Indian,10,4,13,647.0,49.8,37.0,5.6,133.0,0.0,45.6,24.2,41.2,73.5,33.8,49.7,581.0,11.7,90.0,85.0,True,India's leading IPL wicket-taker; INR 18 cr; right-arm legbreak; 16 wickets in 14 matches in 2025; near-certain starter
78,4,False,Priyansh Arya,PBKS,Batter,Indian,2,0,18,1221.0,67.8,51.0,12.0,147.3,57.2,0.0,72.5,0.0,80.5,31.9,51.3,580.0,11.3,90.0,80.0,True,Left-hand aggressive opener; 475 runs at 179.24 SR in IPL 2025; explosive starts; may occasionally rotate but likely nailed-on
79,4,False,Ayush Mhatre,CSK,Batter,Indian,3,0,7,556.0,79.4,82.0,13.0,134.6,66.9,0.0,61.8,0.0,69.8,46.5,55.8,580.0,10.4,85.0,75.0,True,Confirmed to bat No.3 (not opening as in 2025). Young aggressive talent. Could be rotated or used as Impact Player in some games.
80,4,False,T Natarajan,DC,Bowler,Indian,11,4,2,49.0,24.5,24.5,4.1,44.9,0.0,23.5,24.2,46.1,78.2,,78.2,571.0,7.3,65.0,60.0,False,Left-arm yorker specialist; INR 10.75 cr retention; injury history limits availability; competes with Mukesh Kumar and Auqib Nabi for pace slots
81,4,False,Liam Livingstone,SRH,All-rounder,Overseas,6,2,9,338.0,37.6,18.0,4.4,91.2,21.6,7.8,39.6,22.2,69.8,32.4,47.4,569.0,12.0,95.0,80.0,True,Overseas slot 3; England power-hitter; legbreak bowling (1-2 overs); INR 13 cr buy; may miss games if ECB manages workload
82,4,False,Ramandeep Singh,KKR,All-rounder,Indian,6,1,11,498.0,45.3,39.0,27.0,72.0,32.5,0.0,41.8,9.2,59.0,46.0,51.2,568.0,11.1,88.0,80.0,True,Indian all-rounder; handy medium pace; reliable finisher; part-time overs
83,4,False,Shimron Hetmyer,RR,Batter,Overseas,4,0,14,571.0,40.8,33.5,12.9,81.8,27.9,0.0,50.3,0.0,58.3,45.3,50.5,556.0,11.0,90.0,75.0,True,Overseas slot 1; WI left-hand power-hitter; strong T20 WC 2026 form (SR 186); fitness/availability has been inconsistent historically
84,4,False,Auqib Nabi Dar,DC,All-rounder,Indian,9,4,0,,,,,,,,24.2,46.1,78.2,,78.2,555.0,7.1,65.0,55.0,False,J&K seam-bowling allrounder; INR 8.40 cr buy; preferred over T Natarajan in some predictions; uncapped; could lose spot when Starc arrives
85,4,False,Khaleel Ahmed,CSK,Bowler,Indian,9,4,14,664.0,47.4,46.5,6.0,84.7,0.1,43.4,18.1,52.0,78.1,33.7,51.5,551.0,10.7,85.0,80.0,True,Indian left-arm seamer. Could be used as Impact Player (bowler sub) in many games. Second Indian pace option. Swing bowler.
86,4,False,Kuldeep Yadav,DC,Bowler,Indian,8,4,14,676.0,48.3,47.5,8.0,90.8,1.9,41.3,24.2,41.2,73.5,21.7,42.4,530.0,12.5,95.0,88.0,True,India's premier wrist spinner; 15 wickets in 14 matches in IPL 2025; guaranteed starter when fit
87,4,False,Sunil Narine,KKR,All-rounder,Overseas,7,4,12,1093.0,91.1,70.5,20.3,186.0,40.2,40.8,41.8,38.9,88.7,10.8,42.0,517.0,12.3,95.0,85.0,True,Overseas slot 3; mystery off-spinner; confirmed NOT opening this season; bats 7-8; bowls full quota; veteran presence
88,4,False,Mayank Yadav,LSG,Bowler,Indian,11,4,0,,,,,,,,24.2,46.1,78.2,,78.2,516.0,6.6,65.0,45.0,False,Express pace (150+ kph). Major fitness concerns: out 9 months with lumbar stress fracture + toe injury. Says he is 100% fit post-surgery. Irfan Pathan critical ('6 matches in 2 years'). High upside but likely to miss 5-7 games.
89,4,False,M Shahrukh Khan,GT,All-rounder,Indian,6,1,11,444.0,40.4,24.0,16.0,78.0,28.8,2.8,41.8,9.2,59.0,40.9,48.1,515.0,10.7,85.0,80.0,True,Power-hitting finisher. Part-time medium pace (0-1 overs). May be used as Impact Player on some days. Strong six-hitting ability in death overs.
90,4,False,Ravi Bishnoi,RR,Bowler,Indian,8,4,12,443.0,36.9,30.0,5.7,74.1,2.1,29.5,24.2,41.2,73.5,23.9,43.7,511.0,11.7,90.0,85.0,True,India legspinner; INR 7.2 cr buy; bowls 4 overs in middle phase; may occasionally be used as Impact Player sub
91,4,False,Jaydev Unadkat,SRH,Bowler,Indian,10,4,7,446.0,63.7,51.0,25.8,116.4,0.0,57.1,22.0,49.2,79.2,48.2,60.6,509.0,8.4,75.0,60.0,True,Experienced left-arm seamer; swing option; bowls 4 overs; may rotate with Shivam Mavi; more likely early season
92,4,False,David Miller,DC,Batter,Overseas,5,0,10,327.0,32.7,31.5,10.8,59.2,23.7,0.0,50.3,0.0,58.3,33.3,43.3,507.0,11.7,90.0,85.0,True,Overseas; SA left-hand finisher; acquired for INR 2 cr; experienced IPL performer; bats 5 or 6
93,4,False,Naman Dhir,MI,All-rounder,Indian,7,1,14,646.0,46.1,40.0,14.4,90.9,31.7,0.6,39.6,10.5,58.1,50.1,53.3,506.0,9.5,80.0,70.0,True,Young Indian left-hand bat; part-time offbreak. One of MI's key uncapped finds. Expected starter but could be rotated based on form.
94,5,False,Nitish Rana,DC,Batter,Indian,3,0,11,491.0,44.6,21.0,12.0,109.0,38.1,0.0,67.9,0.0,75.9,29.3,47.9,498.0,10.4,85.0,75.0,True,Traded to DC for INR 4.20 cr; left-hand bat provides stability at No.3; could rotate with Karun Nair based on form/matchup
95,5,False,Xavier Bartlett,PBKS,Bowler,Overseas,11,4,0,,,,,,,,24.2,46.1,78.2,,78.2,493.0,6.3,60.0,50.0,False,Overseas; Australian right-arm fast-medium; replaces Lockie Ferguson early season; will rotate with Ferguson once he returns mid-season
96,5,False,Tushar Deshpande,RR,Bowler,Indian,10,4,10,370.0,37.0,30.0,0.9,75.9,0.7,33.3,24.2,46.1,78.2,23.2,45.2,484.0,10.7,85.0,80.0,True,Indian seamer; consistent wicket-taker; bowls 4 overs; competes with Sandeep Sharma and Kuldeep Sen for one pace slot
97,5,False,Mitchell Santner,MI,All-rounder,Overseas,8,4,13,601.0,46.2,36.0,13.4,83.6,5.1,31.3,22.0,42.0,72.0,31.7,47.8,468.0,9.8,80.0,75.0,True,Overseas slot 3. NZ left-arm orthodox spin allrounder. Middle-overs control. Competing with Ghazanfar for spin overseas slot. Most predictions favor Santner.
98,5,False,Angkrish Raghuvanshi,KKR,Batter,Indian,3,0,11,586.0,53.3,56.0,13.0,78.0,45.8,0.0,67.9,0.0,75.9,50.8,60.9,463.0,7.6,70.0,55.0,True,Young Indian bat; scored century in intra-squad match; may bat 3 or 4; could be dropped for form/matchup reasons
99,5,False,Rashid Khan,GT,All-rounder,Overseas,8,4,15,552.0,36.8,29.0,4.4,73.0,4.3,25.9,24.2,41.2,73.5,10.2,35.5,462.0,13.0,98.0,90.0,True,"Overseas slot 3. World-class leg-spinner + lower-order hitter. Worst IPL season in 2025 (<10 wkts, eco 9+, avg 57). Still near-certain starter. Guaranteed 4 overs."
100,5,False,Deepak Chahar,MI,Bowler,Indian,9,4,14,579.0,41.4,42.5,7.6,81.9,4.6,32.1,22.0,49.2,79.2,39.0,55.1,446.0,8.1,75.0,55.0,True,Indian seamer; powerplay specialist. Has NEVER played all 14 matches in any IPL season. Fitness concerns. Will rotate with Shardul Thakur.
101,5,False,Ashutosh Sharma,DC,All-rounder,Indian,7,1,10,432.0,43.2,29.0,5.9,84.9,35.8,0.0,41.8,9.2,59.0,49.8,53.4,433.0,8.1,70.0,65.0,True,Right-hand power hitter; part-time medium pace; may rotate with Sameer Rizvi or Karun Nair based on matchups
102,5,False,MS Dhoni,CSK,WK-Batter,Indian,6,0,14,530.0,37.9,29.5,8.6,77.3,23.7,0.0,35.7,0.0,43.7,48.6,46.7,430.0,9.2,80.0,65.0,True,Finisher role; bats 6-7. CSK CEO says he'll play all matches but age (44) and knee concerns make rest likely. May be used as Impact Player some games. Samson keeps wicket when Dhoni plays as pure batter.
103,5,False,Jofra Archer,RR,Bowler,Overseas,9,4,12,635.0,52.9,51.0,16.8,73.1,8.6,40.7,24.2,46.1,78.2,27.3,47.7,425.0,8.9,85.0,50.0,True,Overseas slot 3; England express pacer; elite death bowler; massive injury history (elbow surgeries); has never completed a full IPL season healthy; 4 overs when he plays
104,5,False,Prasidh Krishna,GT,Bowler,Indian,11,4,15,1030.0,68.7,75.0,18.8,102.4,0.0,62.4,24.2,46.1,78.2,42.9,57.0,416.0,7.3,65.0,60.0,True,"Tall Indian seamer; bounce and pace. May rotate with R Sai Kishore depending on pitch. On spin-friendly tracks, Sai Kishore starts instead. Backup pacer role."
105,5,False,Aniket Verma,SRH,Batter,Indian,7,0,13,542.0,41.7,26.0,13.4,76.8,32.6,0.0,39.6,0.0,47.6,43.6,45.2,416.0,9.2,80.0,65.0,True,Uncapped breakout star from IPL 2025 (236 runs SR 166); finisher role; may be rotated with Harsh Dubey based on matchup
106,5,False,Devdutt Padikkal,RCB,Batter,Indian,3,0,10,525.0,52.5,46.0,4.7,108.5,45.3,0.0,67.9,0.0,75.9,29.5,48.1,404.0,8.4,75.0,60.0,True,Left-hand bat at No.3; elegant but inconsistent; may lose spot to Venkatesh Iyer or Bethell combination if struggling
107,6,False,Wanindu Hasaranga,LSG,All-rounder,Overseas,8,4,0,,,,,,,,24.2,41.2,73.5,,73.5,397.0,5.4,55.0,40.0,False,Overseas slot 4 (contested with Nortje). SL leg-spinning allrounder; 130+ T20I wickets. NOC DELAYED: hamstring tear (Feb 2026 T20 WC). Failed to attend SLC fitness test (Mar 23). Likely to miss first few matches. Preferred on spin-friendly tracks.
108,6,False,Pat Cummins,SRH,All-rounder,Overseas,8,4,14,869.0,62.1,65.0,5.8,126.7,11.6,44.7,22.0,49.2,79.2,40.4,55.9,386.0,6.9,70.0,40.0,True,Captain; Aus right-arm fast; lumbar stress injury; targeting mid-season return (approx match 7-8); replaces Brydon Carse in overseas slot when fit; will play back half + playoffs
109,6,False,Abdul Samad,LSG,All-rounder,Indian,6,1,13,401.0,30.8,14.0,6.0,66.8,22.5,0.1,41.8,7.9,57.8,35.1,44.2,385.0,8.7,75.0,65.0,True,Power-hitting allrounder; part-time legbreak (0-1 overs). Competes with Badoni and Himmat Singh for middle-order spots. Impact Player candidate.
110,6,False,Rahul Tewatia,GT,All-rounder,Indian,7,2,14,259.0,18.5,16.0,7.2,29.9,11.5,0.0,41.8,19.1,68.9,25.0,42.5,378.0,8.9,75.0,70.0,True,Left-hand finisher; part-time legbreak. Veteran presence. May rotate with Sai Kishore or be used as Impact Player depending on match-ups.
111,6,False,Will Jacks,MI,All-rounder,Overseas,6,2,13,751.0,57.8,40.0,12.6,126.0,31.3,16.9,39.6,21.0,68.6,35.8,48.9,367.0,7.5,65.0,65.0,True,Overseas slot 2 (contested with Rutherford). Power-hitting allrounder + off-spin. T20 World Cup 2026 star. Likely gets first preference over Rutherford but will rotate.
112,6,False,Mohammed Shami,LSG,Bowler,Indian,9,4,9,282.0,31.3,38.0,0.8,56.0,1.6,26.7,24.2,46.1,78.2,16.1,40.9,356.0,8.7,75.0,65.0,True,India seamer. Post-injury concerns but found form in SMAT 2025 (16 wkts in 7 games). Aakash Chopra tips him as LSG highest wicket-taker. Workload management likely; may miss 3-5 games.
113,6,False,R Sai Kishore,GT,All-rounder,Indian,9,4,15,758.0,50.5,44.0,6.4,82.2,0.3,44.5,24.2,38.9,71.0,41.9,53.6,348.0,6.5,60.0,55.0,True,Left-arm orthodox spinner. 19 wickets in IPL 2025. Rotates with Prasidh Krishna depending on conditions. Impact Player candidate. Excellent economy.
114,6,False,Shivam Mavi,SRH,Bowler,Indian,11,4,0,,,,,,,,22.0,49.2,79.2,,79.2,348.0,4.4,45.0,40.0,False,Indian right-arm fast; plays when overseas quota is full or as rotation option for Unadkat; new-ball option
115,6,False,Spencer Johnson,CSK,Bowler,Overseas,10,4,0,,,,,,,,18.1,46.8,72.9,,72.9,343.0,4.7,50.0,35.0,False,Nathan Ellis replacement (INR 1.5 cr). Recovering from back injury; won't be available until ~Apr 21. Will miss first 4+ matches. Left-arm fast. Strong option once fit.
116,6,False,Jacob Bethell,RCB,All-rounder,Overseas,5,2,0,,,,,,,,50.3,17.9,76.2,,76.2,343.0,4.5,40.0,60.0,False,NOT in likely first XI but huge pressure to include after T20 WC century vs India; left-arm orthodox spin option; if Salt/Duffy/Shepherd dropped he comes in; likely plays 8-10 matches across season
117,6,False,Matthew Short,CSK,All-rounder,Overseas,3,2,0,,,,,,,,61.8,23.8,93.6,,93.6,337.0,3.6,40.0,30.0,False,Australian all-rounder. Fractured thumb; will miss start of tournament. Off-spin option. Could slot into top order once fit but overseas competition is fierce.
118,6,False,Akeal Hosein,CSK,Bowler,Overseas,8,4,0,,,,,,,,18.1,44.8,70.9,,70.9,333.0,4.7,45.0,50.0,False,Overseas wildcard. WI left-arm orthodox spinner. Competes with Overton/Henry for 4th overseas slot. Likely plays at Chepauk (spin-friendly). INR 2 cr buy.
119,6,False,Quinton de Kock,MI,WK-Batter,Overseas,2,0,8,338.0,42.2,13.0,5.0,100.0,34.8,0.0,70.3,0.0,78.3,3.9,33.7,300.0,8.9,75.0,70.0,True,Overseas slot 1. Confirmed opening partner with Rohit. Primary wicketkeeper. SA keeper-batter. INR 1 cr bargain. May rotate with Rickelton in some matches.
120,7,False,Mitchell Starc,DC,Bowler,Overseas,10,4,12,669.0,55.8,32.5,5.7,130.3,0.5,48.4,24.2,46.1,78.2,37.1,53.6,279.0,5.2,50.0,50.0,True,Elite left-arm fast; awaiting Cricket Australia NOC; will miss first few matches due to workload management; when available replaces Ngidi in overseas slot
121,7,False,Harsh Dubey,SRH,All-rounder,Indian,9,4,8,238.0,29.8,21.5,9.2,61.3,23.2,0.0,22.0,42.0,72.0,34.2,49.3,276.0,5.6,55.0,45.0,True,Right-arm offbreak spinner; bats lower order; plays as primary spinner option; competes with Zeeshan Ansari
122,7,False,Shardul Thakur,MI,All-rounder,Indian,9,4,10,541.0,54.1,48.5,13.6,94.8,2.8,47.1,22.0,49.2,79.2,33.5,51.8,269.0,5.2,50.0,50.0,True,Traded from LSG. Seam-bowling allrounder. Rotates with Deepak Chahar. Adds batting depth. May be used as Impact Player.
123,7,False,Kartik Sharma,CSK,All-rounder,Indian,4,2,5,272.0,54.4,36.0,8.8,109.6,0.2,49.0,44.2,23.8,76.0,50.8,60.9,256.0,4.2,40.0,50.0,True,INR 14.20 cr uncapped buy. WK-batter; aggressive finisher being groomed as Dhoni successor. Left-arm spin. May play when Dhoni is rested or as Impact Player.
124,7,False,Mitch Owen,PBKS,All-rounder,Overseas,3,1,0,,,,,,,,67.9,9.2,85.1,,85.1,255.0,3.0,25.0,35.0,False,Overseas; BBL star with Hobart Hurricanes; can bat 3-4; Irfan Pathan suggested rotating with Iyer at 3/4; competes for overseas slot
125,7,False,Lhuan-Dre Pretorius,RR,All-rounder,Overseas,7,3,0,,,,,,,,41.8,33.8,83.6,,83.6,251.0,3.0,15.0,15.0,False,Overseas backup; SA pace AR; deep backup behind Shanaka/Ferreira; unlikely to feature unless multiple overseas injuries
126,7,False,Mayank Markande,MI,Bowler,Indian,10,4,0,,,,,,,,22.0,44.4,74.4,,74.4,246.0,3.3,35.0,35.0,False,Indian legspinner. Traded acquisition. May play when MI want an Indian spinner instead of overseas Santner/Ghazanfar. Competes for spin slot.
127,7,False,Digvesh Rathi,LSG,Bowler,Indian,10,4,13,609.0,46.8,48.0,14.6,74.0,0.1,41.1,24.2,46.1,78.2,18.5,42.4,246.0,5.8,55.0,50.0,True,Indian seamer; uncapped. X-factor with wicket-taking ability. Multiple experts include him in starting XI. Could start if Hasaranga unavailable and team needs 4th seamer.
128,7,False,Prithvi Shaw,DC,Batter,Indian,2,0,0,,,,,,,,72.5,0.0,80.5,,80.5,242.0,3.0,25.0,30.0,False,Could open alongside KL Rahul; strong Ranji form (537 runs at 48.82); Indian opener saves overseas slot; fitness/discipline concerns historically
129,7,False,Mohammad Izhar,MI,Bowler,Indian,11,4,0,,,,,,,,22.0,49.2,79.2,,79.2,238.0,3.0,5.0,10.0,False,Indian seamer. Deep reserve.
130,7,False,Corbin Bosch,MI,All-rounder,Overseas,8,4,0,,,,,,,,22.0,49.2,79.2,,79.2,238.0,3.0,15.0,20.0,False,SA pace-bowling allrounder. 140+ kph. Aakash Chopra's wildcard pick. Unlikely regular starter with Boult/Santner/Jacks/de Kock filling overseas slots.
131,7,False,Vishal Nishad,PBKS,Bowler,Indian,11,4,0,,,,,,,,24.2,46.1,78.2,,78.2,235.0,3.0,5.0,10.0,False,Indian seamer; lowest priority backup pacer
132,7,False,Kuldeep Sen,RR,Bowler,Indian,11,4,0,,,,,,,,24.2,46.1,78.2,,78.2,235.0,3.0,20.0,20.0,False,Indian backup seamer; right-arm fast; plays if Tushar or Sandeep injured/rested
133,7,False,Kwena Maphaka,RR,Bowler,Overseas,11,4,0,,,,,,,,24.2,46.1,78.2,,78.2,235.0,3.0,25.0,25.0,False,Overseas backup; SA left-arm fast teenager; exciting raw talent; may get games mid-season if Archer injured or rotation needed
134,7,False,Adam Milne,RR,Bowler,Overseas,11,4,0,,,,,,,,24.2,46.1,78.2,,78.2,235.0,3.0,30.0,25.0,False,Overseas backup pacer; NZ right-arm fast; competes with Nandre Burger and Maphaka for the 4th overseas slot
135,7,False,Umran Malik,KKR,Bowler,Indian,11,4,0,,,,,,,,24.2,46.1,78.2,,78.2,235.0,3.0,25.0,35.0,False,Express pace; expected to be used as impact sub for bowling innings; plays 4-6 matches
136,7,False,Vyshak Vijaykumar,PBKS,Bowler,Indian,11,4,0,,,,,,,,24.2,46.1,78.2,,78.2,235.0,3.0,30.0,40.0,False,Indian right-arm fast-medium; backup seamer; plays if overseas pace quota is full or on seam-friendly tracks needing extra pace
137,7,False,Ben Dwarshuis,PBKS,Bowler,Overseas,11,4,0,,,,,,,,24.2,46.1,78.2,,78.2,235.0,3.0,20.0,30.0,False,Overseas; Australian left-arm fast-medium; INR 4.40 cr; T20 seam expertise; backup pace option when Ferguson absent and Bartlett rested
138,7,False,Lockie Ferguson,PBKS,Bowler,Overseas,11,4,0,,,,,,,,24.2,46.1,78.2,,78.2,235.0,3.0,0.0,35.0,False,Overseas; NZ right-arm fast; on paternity leave; will miss first ~7 matches; expected to return mid-season; when available competes with Bartlett for overseas pace slot
139,7,False,Kyle Jamieson,DC,All-rounder,Overseas,8,4,0,,,,,,,,24.2,46.1,78.2,,78.2,235.0,3.0,10.0,20.0,False,Overseas; NZ tall seam-bowling allrounder; low priority in overseas pecking order behind Starc/Ngidi/Stubbs/Miller/Nissanka
140,7,False,Rasikh Dar,RCB,Bowler,Indian,11,4,0,,,,,,,,24.2,46.1,78.2,,78.2,235.0,3.0,30.0,40.0,False,Indian seamer; impact sub option; could start if Mangesh Yadav struggles; likely plays 5-7 matches
141,7,False,Nuwan Thushara,RCB,Bowler,Overseas,11,4,0,,,,,,,,24.2,46.1,78.2,,78.2,235.0,3.0,0.0,0.0,False,Failed SLC fitness test; did NOT receive NOC from Sri Lanka Cricket; unavailable for IPL 2026
142,7,False,Zak Foulkes,CSK,Bowler,Overseas,11,4,0,,,,,,,,18.1,52.0,78.1,,78.1,234.0,3.0,10.0,15.0,False,Australian seamer. Arriving late but before first game. Deep overseas reserve. Unlikely to play unless injuries to other overseas pacers.
143,7,False,Mukesh Choudhary,CSK,Bowler,Indian,11,4,2,49.0,24.5,24.5,8.1,40.9,0.0,24.5,18.1,52.0,78.1,,78.1,234.0,3.0,10.0,20.0,False,Left-arm fast-medium backup. Fourth-choice Indian seamer.
144,7,False,Ramakrishna Ghosh,CSK,Bowler,Indian,11,4,0,,,,,,,,18.1,52.0,78.1,,78.1,234.0,3.0,10.0,15.0,False,Indian seamer. Deep backup pace option.
145,7,False,Gurjapneet Singh,CSK,Bowler,Indian,11,4,0,,,,,,,,18.1,52.0,78.1,,78.1,234.0,3.0,15.0,25.0,False,Left-arm fast-medium. CSK academy product. Net bowler turned squad player. INR 2.2 cr. Deep reserve pacer.
146,7,False,Shreyas Gopal,CSK,Bowler,Indian,9,4,0,,,,,,,,18.1,47.2,73.3,,73.3,220.0,3.0,15.0,25.0,False,Legbreak bowler. Backup spinner behind Prashant Veer and Noor Ahmad. Rarely needed given spin depth.
147,7,False,Navdeep Saini,KKR,Bowler,Indian,10,4,0,,,,,,,,24.2,40.9,73.0,,73.0,219.0,3.0,20.0,25.0,False,Injury replacement for Harshit Rana; backup seamer; likely plays only 2-4 matches if Tyagi/Arora are fit
148,7,False,Atharva Ankolekar,MI,All-rounder,Indian,9,4,0,,,,,,,,22.0,42.0,72.0,,72.0,216.0,3.0,10.0,15.0,False,Indian left-arm orthodox spinner. Deep reserve spin option.
149,7,False,AM Ghazanfar,MI,Bowler,Overseas,10,4,0,,,,,,,,22.0,42.0,72.0,,72.0,216.0,3.0,20.0,25.0,False,Afghan mystery off-spinner. Aakash Chopra backs him. Alternative to Santner for overseas spin slot. May play at spin-friendly venues.
150,7,False,Suryansh Shedge,PBKS,All-rounder,Indian,7,2,3,22.0,7.3,6.0,1.2,14.0,2.3,0.3,41.8,21.5,71.2,,71.2,214.0,3.0,10.0,20.0,False,Young Indian allrounder; squad depth; unlikely to start barring injuries
151,7,False,Mohsin Khan,LSG,Bowler,Indian,10,4,11,444.0,40.4,24.0,16.0,78.0,28.8,2.8,24.2,46.1,78.2,40.9,55.8,212.0,3.8,40.0,35.0,True,Left-arm fast. Backup pacer. Plays when Shami/Mayank unavailable. Has talent but limited opportunities with stacked pace lineup.
152,7,False,Sandeep Sharma,RR,Bowler,Indian,10,4,14,452.0,32.3,15.5,5.2,76.7,0.0,28.1,24.2,46.1,78.2,15.8,40.8,212.0,5.2,50.0,50.0,True,Backup Indian seamer; swing bowler; plays if Tushar rested or conditions suit swing; veteran option
153,7,False,Himmat Singh,LSG,Batter,Indian,6,1,1,12.0,12.0,12.0,12.0,12.0,0.0,0.0,41.8,7.3,57.2,,57.2,206.0,3.6,40.0,30.0,False,Right-hand bat; part-time off-spin. Impact Player candidate per Aakash Chopra. Competes with Badoni/Samad for middle-order spot.
154,7,False,Arshin Kulkarni,LSG,All-rounder,Indian,7,2,0,,,,,,,,41.8,17.9,67.7,,67.7,203.0,3.0,25.0,20.0,False,Indian allrounder; bat and off-spin. Provides flexibility but behind Shahbaz Ahmed and Badoni in pecking order.
155,7,False,Ashwani Kumar,MI,Bowler,Indian,11,4,7,441.0,63.0,52.0,22.2,114.8,0.0,59.3,22.0,49.2,79.2,56.9,65.8,197.0,3.0,15.0,20.0,True,"Indian seamer. Backup pace option behind Bumrah, Chahar, Thakur."
156,7,False,Swapnil Singh,RCB,Bowler,Indian,10,4,14,739.0,52.8,37.5,5.3,114.5,42.7,0.2,24.2,38.9,71.0,59.2,64.0,192.0,3.0,15.0,20.0,True,Left-arm orthodox; backup spinner; plays only on spin-friendly surfaces
157,7,False,Josh Hazlewood,RCB,Bowler,Overseas,11,4,12,896.0,74.7,84.0,12.5,121.5,0.0,70.0,24.2,46.1,78.2,54.2,63.8,191.0,3.0,0.0,55.0,True,Overseas; injured (Achilles/hamstring); joined RCB camp Mar 26 but expected to miss first 3-5 matches; return estimated mid-April; when fit replaces Duffy
158,7,False,Vipraj Nigam,DC,Bowler,Indian,9,4,14,796.0,56.9,49.0,7.3,105.4,18.6,30.6,24.2,46.1,78.2,39.7,55.1,187.0,3.4,35.0,40.0,True,20-year-old spinner; 142 runs and 11 wickets in 14 matches last season; may play as third spinner on turning tracks
159,7,False,Donovan Ferreira,RR,All-rounder,Overseas,7,1,0,,,,,,,,41.8,7.3,57.2,,57.2,183.0,3.2,35.0,30.0,False,Overseas backup; SA batting AR with part-time offbreak; R Ashwin's pick as finisher; competes for overseas slot with Shanaka/Burger; plays in specific matchups
160,7,False,Eshan Malinga,SRH,Bowler,Overseas,11,4,7,506.0,72.3,79.0,39.0,94.8,0.0,66.6,22.0,49.2,79.2,48.3,60.7,182.0,3.0,30.0,30.0,True,Overseas backup; SL right-arm fast; cleared fitness test after shoulder dislocation; plays only if another overseas player is injured/rested
161,7,False,Anshul Kamboj,CSK,All-rounder,Indian,9,4,8,396.0,49.5,51.0,9.2,77.7,2.8,41.5,18.1,52.0,78.1,48.1,60.1,180.0,3.0,30.0,40.0,True,Indian seam-bowling allrounder. Third Indian pacer option behind Khaleel. Strong domestic season. Backup to Khaleel/pace bowling slot.
162,7,False,Rovman Powell,KKR,All-rounder,Overseas,6,1,0,,,,,,,,41.8,9.2,59.0,,59.0,177.0,3.0,15.0,30.0,False,Overseas; WI power-hitter; competes for overseas slot but unlikely to start with Allen/Green/Narine/Muzarabani taking 4 spots; impact sub option
163,7,False,Madhav Tiwari,DC,Batter,Indian,5,0,0,,,,,,,,50.3,0.0,58.3,,58.3,175.0,3.0,10.0,15.0,False,Young Indian batter; squad depth option; unlikely to start
164,7,False,Harnoor Singh Pannu,PBKS,Batter,Indian,4,0,0,,,,,,,,50.3,0.0,58.3,,58.3,175.0,3.0,5.0,10.0,False,Left-hand bat; young talent; deep squad backup
165,7,False,Manish Pandey,KKR,Batter,Indian,4,0,0,,,,,,,,50.3,0.0,58.3,,58.3,175.0,3.0,20.0,30.0,False,Experienced Indian bat; backup middle-order option; plays if Raghuvanshi dropped
166,7,False,Kumar Kushagra,GT,WK,Indian,4,0,0,,,,,,,,50.3,0.0,58.3,,58.3,175.0,3.0,20.0,15.0,False,Uncapped WK-bat from Jharkhand. R Ashwin picked him in his XII. Could be Impact Player option. Unlikely to start unless Buttler rested.
167,7,False,Sherfane Rutherford,MI,All-rounder,Overseas,6,0,11,595.0,54.1,62.0,17.0,82.0,46.3,0.0,39.6,0.0,47.6,53.2,51.0,173.0,3.4,35.0,40.0,True,Overseas wildcard. WI power-hitter. Competes with Will Jacks for 4th overseas slot. Wasim Jaffer picks him over Jacks. May play at specific venues needing extra batting depth.
168,7,False,Mukesh Kumar,DC,Bowler,Indian,11,4,12,520.0,43.3,37.5,7.0,71.3,0.0,40.8,24.2,46.1,78.2,27.8,48.0,173.0,3.6,35.0,45.0,True,Indian right-arm seamer; 12 wickets in 12 innings previously; backup pacer; plays if Natarajan/Nabi rested or injured
169,7,False,Sameer Rizvi,DC,All-rounder,Indian,7,1,4,263.0,65.8,60.5,19.2,116.5,55.8,0.0,41.8,7.3,57.2,,57.2,172.0,3.0,20.0,30.0,False,Young Indian allrounder; batting backup for middle order; competes with Ashutosh Sharma
170,7,False,Venkatesh Iyer,RCB,All-rounder,Indian,6,2,8,322.0,40.2,16.5,10.5,104.1,30.2,0.0,41.8,21.5,71.2,40.9,53.1,170.0,3.2,30.0,50.0,True,Left-hand bat; medium pace option; may come in for Padikkal or as impact sub; squad player
171,7,False,Harshit Rana,KKR,Bowler,Indian,10,4,13,752.0,57.8,67.0,14.2,95.8,7.6,44.8,24.2,46.1,78.2,41.0,55.9,168.0,3.0,0.0,0.0,True,Ruled out entire IPL 2026; knee surgery after T20 WC warm-up injury; replaced by Navdeep Saini
172,7,False,Karun Nair,DC,Batter,Indian,4,0,8,470.0,58.8,34.0,2.0,121.9,47.8,0.0,50.3,0.0,58.3,25.8,38.8,163.0,4.2,40.0,50.0,True,Middle-order bat; strong domestic form; retained player; likely 12th/13th man unless top order struggles; backup for positions 3-5
173,7,False,Ryan Rickelton,MI,Batter,Overseas,2,0,14,994.0,71.0,61.5,31.2,127.7,52.1,0.0,70.3,0.0,78.3,37.9,54.0,162.0,3.0,25.0,35.0,True,SA left-hand bat. Backup opener to de Kock. May play if de Kock is rested or if left-right combo preferred. Unlikely regular starter.
174,7,False,Pyla Avinash,PBKS,All-rounder,Indian,8,2,0,,,,,,,,24.2,21.5,53.7,,53.7,161.0,3.0,5.0,15.0,False,Indian allrounder; squad depth option
175,7,False,Kamindu Mendis,SRH,All-rounder,Overseas,6,2,5,257.0,51.4,56.0,4.2,98.2,28.4,15.8,39.6,21.0,68.6,42.7,53.1,159.0,3.0,20.0,20.0,True,Overseas backup; SL left-hand bat with offbreak bowling; NOC cleared; plays in specific matchups if overseas slot opens; strong batting talent
176,7,False,Josh Inglis,LSG,WK-Batter,Overseas,4,0,11,672.0,61.1,65.0,23.0,100.0,46.4,0.0,50.3,0.0,58.3,49.7,53.1,159.0,3.0,5.0,5.0,True,Overseas WK-bat signed for INR 8.6 cr. Expected to be UNAVAILABLE for much of IPL 2026. Behind Pooran and Pant as WK options. Unlikely to feature.
177,7,False,Rahul Chahar,CSK,Bowler,Indian,10,4,14,579.0,41.4,42.5,7.6,81.9,4.6,32.1,18.1,47.2,73.3,39.0,52.7,158.0,3.0,20.0,30.0,True,Indian legspinner. Third spin option behind Noor Ahmad and Prashant Veer. May rotate in at specific venues.
178,7,False,Urvil Patel,CSK,Batter,Indian,5,0,3,170.0,56.7,73.0,16.2,90.6,43.3,0.0,44.2,0.0,52.2,,52.2,157.0,3.0,15.0,20.0,False,Power-hitting batter. Deep backup option. Unlikely to feature unless multiple injuries.
179,7,False,Sarfaraz Khan,CSK,Batter,Indian,4,0,0,,,,,,,,44.2,0.0,52.2,,52.2,157.0,3.0,30.0,40.0,False,Indian middle-order bat. Competes with Mhatre/Kartik Sharma for middle-order spots. Strong domestic form but crowded batting lineup.
180,7,False,Yash Thakur,PBKS,Bowler,Indian,11,4,10,541.0,54.1,48.5,13.6,94.8,2.8,47.1,24.2,46.1,78.2,33.5,51.4,154.0,3.0,20.0,30.0,True,Indian right-arm fast-medium; squad depth seamer; backup for Arshdeep Singh
181,7,False,Shubham Dubey,RR,Batter,Indian,3,0,8,238.0,29.8,21.5,9.2,61.3,23.2,0.0,67.9,0.0,75.9,34.2,50.9,153.0,3.0,25.0,20.0,True,Indian backup batter; right-hand bat; plays if Suryavanshi rested or team needs more experience in middle order
182,7,False,Musheer Khan,PBKS,Batter,Indian,5,1,11,444.0,40.4,24.0,16.0,78.0,28.8,2.8,50.3,7.3,65.7,40.9,50.8,152.0,3.0,20.0,30.0,True,Young left-hand bat; left-arm orthodox bowling option; batting insurance if top order struggles; squad depth
183,7,False,Pravin Dubey,PBKS,Bowler,Indian,10,4,8,238.0,29.8,21.5,9.2,61.3,23.2,0.0,24.2,41.2,73.5,34.2,49.9,150.0,3.0,5.0,15.0,True,Right-arm legbreak; covers for Chahal as legspinner insurance; unlikely to start
184,7,False,Anuj Rawat,GT,WK,Indian,7,0,0,,,,,,,,41.8,0.0,49.8,,49.8,149.0,3.0,15.0,10.0,False,Backup Indian WK-bat. Would only play if Buttler unavailable and management wants Indian WK. Behind Kushagra in pecking order per most experts.
185,7,False,Vishnu Vinod,PBKS,WK-Batter,Indian,7,0,0,,,,,,,,41.8,0.0,49.8,,49.8,149.0,3.0,5.0,15.0,False,Backup wicketkeeper; only plays if Prabhsimran Singh injured
186,7,False,Cooper Connolly,PBKS,All-rounder,Overseas,6,0,0,,,,,,,,41.8,0.0,49.8,,49.8,149.0,3.0,15.0,25.0,False,Overseas; Australian left-hand bat/left-arm orthodox; suspected stress fracture in back means he may not bowl; limited to batting role reduces value; squad depth option
187,7,False,Tejasvi Singh,KKR,WK,Indian,6,0,0,,,,,,,,41.8,0.0,49.8,,49.8,149.0,3.0,15.0,20.0,False,Young WK-bat; uncapped; backup keeper option if Allen is rested and different overseas combo used
188,7,False,Matheesha Pathirana,KKR,Bowler,Overseas,11,4,12,556.0,46.3,53.0,5.1,89.3,0.0,41.7,24.2,46.1,78.2,27.9,48.0,144.0,3.0,0.0,55.0,True,Overseas; hamstring injury; expected return mid-April; INR 18 cr buy; replaces Muzarabani when fit; may miss 3-5 early matches
189,7,False,Yash Dayal,RCB,Bowler,Indian,11,4,15,591.0,39.4,41.0,6.6,84.6,0.3,35.1,24.2,46.1,78.2,28.1,48.1,144.0,3.0,0.0,0.0,True,Banned from RCB camp; personal reasons; will NOT play IPL 2026 per RCB Director Mo Bobat
190,7,False,Mayank Rawat,MI,WK-Batter,Indian,7,0,0,,,,,,,,39.6,0.0,47.6,,47.6,143.0,3.0,3.0,5.0,False,Indian WK-batter. Deep reserve.
191,7,False,Danish Malewar,MI,Batter,Indian,6,0,0,,,,,,,,39.6,0.0,47.6,,47.6,143.0,3.0,3.0,5.0,False,Indian batter. Deep reserve.
192,7,False,Robin Minz,MI,WK-Batter,Indian,7,0,0,,,,,,,,39.6,0.0,47.6,,47.6,143.0,3.0,5.0,10.0,False,Young Indian WK from Jharkhand. Backup keeper behind de Kock. Very unlikely to play.
193,7,False,Rachin Ravindra,KKR,All-rounder,Overseas,3,3,8,369.0,46.1,39.5,7.7,89.8,38.6,0.0,67.9,28.4,104.2,8.6,46.9,141.0,3.0,15.0,30.0,True,Overseas; NZ left-hand bat + left-arm orthodox; R Ashwin excluded him from predicted XI; competes for overseas slot; impact sub candidate
194,7,False,Abishek Porel,DC,WK-Batter,Indian,3,0,13,639.0,49.2,62.0,15.2,81.8,39.9,0.0,67.9,0.0,75.9,17.3,40.7,138.0,3.4,35.0,40.0,True,Left-hand WK-bat; could open or bat 3 if DC want KL Rahul lower; young talent; backup keeper option
195,7,False,Raj Bawa,MI,All-rounder,Indian,8,3,5,58.0,11.6,12.0,10.8,12.0,1.6,0.0,22.0,36.9,66.9,31.5,45.7,137.0,3.0,10.0,15.0,True,Young Indian allrounder. U19 World Cup hero. Blocked by star-studded middle order. Likely benched most games.
196,7,False,Dushmantha Chameera,DC,Bowler,Overseas,11,4,6,164.0,27.3,37.5,2.5,42.0,1.7,24.0,24.2,46.1,78.2,23.4,45.4,136.0,3.0,15.0,25.0,True,Overseas; Sri Lankan right-arm fast; backup overseas pacer; only plays if both Starc and Ngidi unavailable
197,7,False,Zeeshan Ansari,SRH,Bowler,Indian,10,4,10,294.0,29.4,19.0,5.4,54.1,0.0,24.0,22.0,42.0,72.0,11.3,35.6,135.0,3.8,40.0,35.0,True,Young left-arm orthodox spinner; uncapped; competes with Harsh Dubey for spinner slot; may play on turning tracks
198,7,False,Aman Khan,CSK,Batter,Indian,6,0,9,338.0,37.6,39.0,30.2,47.2,4.6,25.4,35.7,0.0,43.7,39.8,41.3,124.0,3.0,5.0,10.0,True,Indian batter. Deep reserve. Extremely unlikely to feature.
199,7,False,Suyash Sharma,RCB,Bowler,Indian,10,4,14,452.0,32.3,15.5,5.2,76.7,0.0,28.1,24.2,41.2,73.5,15.8,38.9,117.0,3.0,25.0,30.0,True,Leg-spinner; impact sub option; useful on turning tracks; likely plays 3-5 matches
200,7,False,Akash Deep,KKR,Bowler,Indian,10,4,6,145.0,24.2,11.5,5.0,56.0,2.0,22.2,24.2,46.1,78.2,11.6,38.2,115.0,3.0,0.0,0.0,True,Ruled out of IPL 2026 due to injury; replaced by Saurabh Dubey
201,7,False,Raghu Sharma,MI,WK-Batter,Indian,7,0,15,878.0,58.5,35.0,13.8,152.0,52.5,0.0,39.6,0.0,47.6,24.5,33.7,101.0,3.0,3.0,5.0,True,Indian WK. Deep reserve. Extremely unlikely to feature.
202,7,True,Rahul Tripathi,KKR,Batter,Indian,4,0,5,113.0,22.6,24.0,8.8,37.0,17.0,0.0,50.3,0.0,58.3,-8.1,18.5,56.0,3.0,15.0,25.0,True,Indian middle-order bat; squad depth option; unlikely to start unless injuries/form issues
